fps,p_rad,days_r,dm,d_t_d,d_prob,h_i_t,vac_p,inf_p,i_rad,pop,t_inf,n_inf,imm,sus,dec,frames, seed
1000,5,80,10,10,0.02,0.93,0.2,0.97,5,1000,256,0,841,51,108,525,1
1000,5,80,10,10,0.02,0.93,0.2,0.97,5,1000,337,0,786,110,104,656,2
1000,5,80,10,10,0.02,0.93,0.2,0.97,5,1000,298,0,809,91,100,568,3
1000,5,80,10,10,0.02,0.93,0.2,0.97,5,1000,230,0,820,70,110,487,4
1000,5,80,10,10,0.02,0.93,0.2,0.97,5,1000,324,0,841,53,106,638,5
1000,5,80,10,10,0.02,0.93,0.2,0.97,5,1000,231,0,851,43,106,447,6
1000,5,80,10,10,0.02,0.93,0.2,0.97,5,1000,241,0,839,56,105,473,7
1000,5,80,10,10,0.02,0.93,0.2,0.97,5,1000,310,0,838,62,100,712,8
1000,5,80,10,10,0.02,0.93,0.2,0.97,5,1000,301,0,827,77,96,546,9
1000,5,80,10,10,0.02,0.93,0.2,0.97,5,1000,298,0,811,89,100,825,10
1000,5,80,10,10,0.02,0.93,0.2,0.97,5,1000,240,0,862,34,104,418,11
1000,5,80,10,10,0.02,0.93,0.2,0.97,5,1000,273,0,706,217,77,686,12
1000,5,80,10,10,0.02,0.93,0.2,0.97,5,1000,239,0,856,45,99,554,13
1000,5,80,10,10,0.02,0.93,0.2,0.97,5,1000,247,0,830,55,115,479,14
1000,5,80,10,10,0.02,0.93,0.2,0.97,5,1000,254,0,864,56,80,522,15
1000,5,80,10,10,0.02,0.93,0.2,0.97,5,1000,338,0,761,147,92,675,16
1000,5,80,10,10,0.02,0.93,0.2,0.97,5,1000,288,0,858,61,81,549,17
1000,5,80,10,10,0.02,0.93,0.2,0.97,5,1000,274,0,817,64,119,526,18
1000,5,80,10,10,0.02,0.93,0.2,0.97,5,1000,260,0,809,84,107,519,19
1000,5,80,10,10,0.02,0.93,0.2,0.97,5,1000,246,0,864,51,85,550,20
1000,5,80,10,10,0.02,0.93,0.2,0.97,5,1000,274,0,839,48,113,613,21
1000,5,80,10,10,0.02,0.93,0.2,0.97,5,1000,284,0,816,78,106,587,22
1000,5,80,10,10,0.02,0.93,0.2,0.97,5,1000,308,0,812,99,89,787,23
1000,5,80,10,10,0.02,0.93,0.2,0.97,5,1000,233,0,855,34,111,442,24
1000,5,80,10,10,0.02,0.93,0.2,0.97,5,1000,236,0,858,43,99,474,25
1000,5,80,10,10,0.02,0.93,0.2,0.97,5,1000,303,0,803,102,95,624,26
1000,5,80,10,10,0.02,0.93,0.2,0.97,5,1000,306,0,804,91,105,613,27
1000,5,80,10,10,0.02,0.93,0.2,0.97,5,1000,292,0,791,107,102,645,28
1000,5,80,10,10,0.02,0.93,0.2,0.97,5,1000,284,0,826,69,105,667,29
1000,5,80,10,10,0.02,0.93,0.2,0.97,5,1000,290,0,817,94,89,593,30
1000,5,80,10,10,0.02,0.93,0.2,0.97,5,1000,275,0,823,63,114,501,31
1000,5,80,10,10,0.02,0.93,0.2,0.97,5,1000,248,0,860,40,100,537,32
1000,5,80,10,10,0.02,0.93,0.2,0.97,5,1000,295,0,830,69,101,569,33
1000,5,80,10,10,0.02,0.93,0.2,0.97,5,1000,282,0,816,96,88,604,34
1000,5,80,10,10,0.02,0.93,0.2,0.97,5,1000,251,0,853,65,82,465,35
1000,5,80,10,10,0.02,0.93,0.2,0.97,5,1000,1,0,202,798,0,80,36
1000,5,80,10,10,0.02,0.93,0.2,0.97,5,1000,272,0,809,95,96,564,37
1000,5,80,10,10,0.02,0.93,0.2,0.97,5,1000,268,0,860,45,95,424,38
1000,5,80,10,10,0.02,0.93,0.2,0.97,5,1000,323,0,858,48,94,655,39
1000,5,80,10,10,0.02,0.93,0.2,0.97,5,1000,294,0,804,106,90,704,40
1000,5,80,10,10,0.02,0.93,0.2,0.97,5,1000,328,0,807,91,102,613,41
1000,5,80,10,10,0.02,0.93,0.2,0.97,5,1000,255,0,842,59,99,487,42
1000,5,80,10,10,0.02,0.93,0.2,0.97,5,1000,235,0,820,81,99,464,43
1000,5,80,10,10,0.02,0.93,0.2,0.97,5,1000,251,0,831,56,113,577,44
1000,5,80,10,10,0.02,0.93,0.2,0.97,5,1000,1,0,211,788,1,10,45
1000,5,80,10,10,0.02,0.93,0.2,0.97,5,1000,330,0,782,112,106,610,46
1000,5,80,10,10,0.02,0.93,0.2,0.97,5,1000,269,0,840,53,107,464,47
1000,5,80,10,10,0.02,0.93,0.2,0.97,5,1000,281,0,837,62,101,506,48
1000,5,80,10,10,0.02,0.93,0.2,0.97,5,1000,1,0,189,811,0,80,49
1000,5,80,10,10,0.02,0.93,0.2,0.97,5,1000,311,0,818,87,95,593,50
1000,5,80,10,10,0.02,0.93,0.2,0.97,5,1000,321,0,807,82,111,601,51
1000,5,80,10,10,0.02,0.93,0.2,0.97,5,1000,227,0,845,50,105,433,52
1000,5,80,10,10,0.02,0.93,0.2,0.97,5,1000,263,0,828,55,117,516,53
1000,5,80,10,10,0.02,0.93,0.2,0.97,5,1000,1,0,205,795,0,80,54
1000,5,80,10,10,0.02,0.93,0.2,0.97,5,1000,283,0,840,66,94,544,55
1000,5,80,10,10,0.02,0.93,0.2,0.97,5,1000,1,0,199,801,0,80,56
1000,5,80,10,10,0.02,0.93,0.2,0.97,5,1000,232,0,860,42,98,441,57
1000,5,80,10,10,0.02,0.93,0.2,0.97,5,1000,1,0,209,790,1,20,58
1000,5,80,10,10,0.02,0.93,0.2,0.97,5,1000,271,0,860,42,98,539,59
1000,5,80,10,10,0.02,0.93,0.2,0.97,5,1000,287,0,825,62,113,579,60
1000,5,80,10,10,0.02,0.93,0.2,0.97,5,1000,1,0,200,800,0,80,61
1000,5,80,10,10,0.02,0.93,0.2,0.97,5,1000,260,0,846,55,99,521,62
1000,5,80,10,10,0.02,0.93,0.2,0.97,5,1000,291,0,818,84,98,559,63
1000,5,80,10,10,0.02,0.93,0.2,0.97,5,1000,273,0,827,71,102,558,64
1000,5,80,10,10,0.02,0.93,0.2,0.97,5,1000,310,0,823,50,127,607,65
1000,5,80,10,10,0.02,0.93,0.2,0.97,5,1000,265,0,859,49,92,539,66
1000,5,80,10,10,0.02,0.93,0.2,0.97,5,1000,306,0,804,82,114,835,67
1000,5,80,10,10,0.02,0.93,0.2,0.97,5,1000,223,0,865,30,105,431,68
1000,5,80,10,10,0.02,0.93,0.2,0.97,5,1000,317,0,773,122,105,579,69
1000,5,80,10,10,0.02,0.93,0.2,0.97,5,1000,268,0,805,99,96,479,70
1000,5,80,10,10,0.02,0.93,0.2,0.97,5,1000,282,0,818,72,110,580,71
1000,5,80,10,10,0.02,0.93,0.2,0.97,5,1000,315,0,816,74,110,673,72
1000,5,80,10,10,0.02,0.93,0.2,0.97,5,1000,315,0,837,71,92,643,73
1000,5,80,10,10,0.02,0.93,0.2,0.97,5,1000,281,0,803,83,114,607,74
1000,5,80,10,10,0.02,0.93,0.2,0.97,5,1000,317,0,799,113,88,643,75
1000,5,80,10,10,0.02,0.93,0.2,0.97,5,1000,263,0,842,55,103,583,76
1000,5,80,10,10,0.02,0.93,0.2,0.97,5,1000,275,0,841,75,84,535,77
1000,5,80,10,10,0.02,0.93,0.2,0.97,5,1000,313,0,804,89,107,640,78
1000,5,80,10,10,0.02,0.93,0.2,0.97,5,1000,238,0,833,53,114,436,79
1000,5,80,10,10,0.02,0.93,0.2,0.97,5,1000,252,0,861,43,96,442,80
1000,5,80,10,10,0.02,0.93,0.2,0.97,5,1000,218,0,859,40,101,490,81
1000,5,80,10,10,0.02,0.93,0.2,0.97,5,1000,254,0,837,69,94,480,82
1000,5,80,10,10,0.02,0.93,0.2,0.97,5,1000,343,0,821,78,101,780,83
1000,5,80,10,10,0.02,0.93,0.2,0.97,5,1000,302,0,831,74,95,596,84
1000,5,80,10,10,0.02,0.93,0.2,0.97,5,1000,259,0,850,47,103,481,85
1000,5,80,10,10,0.02,0.93,0.2,0.97,5,1000,1,0,186,813,1,21,86
1000,5,80,10,10,0.02,0.93,0.2,0.97,5,1000,327,0,810,87,103,925,87
1000,5,80,10,10,0.02,0.93,0.2,0.97,5,1000,240,0,842,38,120,467,88
1000,5,80,10,10,0.02,0.93,0.2,0.97,5,1000,246,0,869,32,99,448,89
1000,5,80,10,10,0.02,0.93,0.2,0.97,5,1000,304,0,835,72,93,664,90
1000,5,80,10,10,0.02,0.93,0.2,0.97,5,1000,298,0,830,74,96,692,91
1000,5,80,10,10,0.02,0.93,0.2,0.97,5,1000,242,0,870,28,102,476,92
1000,5,80,10,10,0.02,0.93,0.2,0.97,5,1000,304,0,812,91,97,670,93
1000,5,80,10,10,0.02,0.93,0.2,0.97,5,1000,255,0,830,58,112,511,94
1000,5,80,10,10,0.02,0.93,0.2,0.97,5,1000,299,0,824,91,85,604,95
1000,5,80,10,10,0.02,0.93,0.2,0.97,5,1000,278,0,829,76,95,488,96
1000,5,80,10,10,0.02,0.93,0.2,0.97,5,1000,265,0,818,84,98,558,97
1000,5,80,10,10,0.02,0.93,0.2,0.97,5,1000,379,0,795,95,110,962,98
1000,5,80,10,10,0.02,0.93,0.2,0.97,5,1000,276,0,793,109,98,548,99
1000,5,80,10,10,0.02,0.93,0.2,0.97,5,1000,257,0,857,46,97,523,100
1000,5,80,10,10,0.02,0.93,0.3,0.97,5,1000,266,0,834,73,93,539,1
1000,5,80,10,10,0.02,0.93,0.3,0.97,5,1000,320,0,812,109,79,654,2
1000,5,80,10,10,0.02,0.93,0.3,0.97,5,1000,321,0,817,91,92,718,3
1000,5,80,10,10,0.02,0.93,0.3,0.97,5,1000,242,0,839,66,95,450,4
1000,5,80,10,10,0.02,0.93,0.3,0.97,5,1000,292,0,849,66,85,684,5
1000,5,80,10,10,0.02,0.93,0.3,0.97,5,1000,245,0,868,43,89,556,6
1000,5,80,10,10,0.02,0.93,0.3,0.97,5,1000,298,0,802,116,82,912,7
1000,5,80,10,10,0.02,0.93,0.3,0.97,5,1000,308,0,857,58,85,600,8
1000,5,80,10,10,0.02,0.93,0.3,0.97,5,1000,297,0,820,99,81,752,9
1000,5,80,10,10,0.02,0.93,0.3,0.97,5,1000,254,125,656,152,67,314,10
1000,5,80,10,10,0.02,0.93,0.3,0.97,5,1000,262,0,867,46,87,451,11
1000,5,80,10,10,0.02,0.93,0.3,0.97,5,1000,278,0,761,172,67,960,12
1000,5,80,10,10,0.02,0.93,0.3,0.97,5,1000,252,0,837,78,85,509,13
1000,5,80,10,10,0.02,0.93,0.3,0.97,5,1000,253,0,831,77,92,714,14
1000,5,80,10,10,0.02,0.93,0.3,0.97,5,1000,262,0,856,68,76,517,15
1000,5,80,10,10,0.02,0.93,0.3,0.97,5,1000,341,0,777,143,80,794,16
1000,5,80,10,10,0.02,0.93,0.3,0.97,5,1000,283,0,845,77,78,582,17
1000,5,80,10,10,0.02,0.93,0.3,0.97,5,1000,272,0,823,75,102,603,18
1000,5,80,10,10,0.02,0.93,0.3,0.97,5,1000,279,0,820,89,91,574,19
1000,5,80,10,10,0.02,0.93,0.3,0.97,5,1000,274,0,873,51,76,568,20
1000,5,80,10,10,0.02,0.93,0.3,0.97,5,1000,275,0,815,81,104,514,21
1000,5,80,10,10,0.02,0.93,0.3,0.97,5,1000,301,0,764,153,83,662,22
1000,5,80,10,10,0.02,0.93,0.3,0.97,5,1000,309,0,843,77,80,769,23
1000,5,80,10,10,0.02,0.93,0.3,0.97,5,1000,240,0,871,32,97,438,24
1000,5,80,10,10,0.02,0.93,0.3,0.97,5,1000,245,0,865,43,92,472,25
1000,5,80,10,10,0.02,0.93,0.3,0.97,5,1000,290,0,851,62,87,739,26
1000,5,80,10,10,0.02,0.93,0.3,0.97,5,1000,292,0,786,126,88,529,27
1000,5,80,10,10,0.02,0.93,0.3,0.97,5,1000,309,0,821,82,97,575,28
1000,5,80,10,10,0.02,0.93,0.3,0.97,5,1000,304,0,827,81,92,649,29
1000,5,80,10,10,0.02,0.93,0.3,0.97,5,1000,316,0,841,80,79,653,30
1000,5,80,10,10,0.02,0.93,0.3,0.97,5,1000,268,0,857,42,101,541,31
1000,5,80,10,10,0.02,0.93,0.3,0.97,5,1000,257,0,879,42,79,544,32
1000,5,80,10,10,0.02,0.93,0.3,0.97,5,1000,263,0,838,69,93,617,33
1000,5,80,10,10,0.02,0.93,0.3,0.97,5,1000,266,0,852,68,80,660,34
1000,5,80,10,10,0.02,0.93,0.3,0.97,5,1000,252,0,874,57,69,518,35
1000,5,80,10,10,0.02,0.93,0.3,0.97,5,1000,1,0,287,713,0,80,36
1000,5,80,10,10,0.02,0.93,0.3,0.97,5,1000,282,0,835,70,95,516,37
1000,5,80,10,10,0.02,0.93,0.3,0.97,5,1000,284,0,826,102,72,477,38
1000,5,80,10,10,0.02,0.93,0.3,0.97,5,1000,320,0,841,90,69,677,39
1000,5,80,10,10,0.02,0.93,0.3,0.97,5,1000,308,0,842,75,83,803,40
1000,5,80,10,10,0.02,0.93,0.3,0.97,5,1000,331,0,802,108,90,609,41
1000,5,80,10,10,0.02,0.93,0.3,0.97,5,1000,251,0,816,94,90,555,42
1000,5,80,10,10,0.02,0.93,0.3,0.97,5,1000,253,0,848,73,79,612,43
1000,5,80,10,10,0.02,0.93,0.3,0.97,5,1000,226,0,847,53,100,550,44
1000,5,80,10,10,0.02,0.93,0.3,0.97,5,1000,1,0,310,689,1,10,45
1000,5,80,10,10,0.02,0.93,0.3,0.97,5,1000,319,0,813,86,101,765,46
1000,5,80,10,10,0.02,0.93,0.3,0.97,5,1000,285,0,852,59,89,544,47
1000,5,80,10,10,0.02,0.93,0.3,0.97,5,1000,266,0,831,72,97,517,48
1000,5,80,10,10,0.02,0.93,0.3,0.97,5,1000,1,0,298,702,0,80,49
1000,5,80,10,10,0.02,0.93,0.3,0.97,5,1000,278,0,843,70,87,563,50
1000,5,80,10,10,0.02,0.93,0.3,0.97,5,1000,296,0,839,65,96,547,51
1000,5,80,10,10,0.02,0.93,0.3,0.97,5,1000,258,0,859,57,84,473,52
1000,5,80,10,10,0.02,0.93,0.3,0.97,5,1000,281,0,832,68,100,601,53
1000,5,80,10,10,0.02,0.93,0.3,0.97,5,1000,1,0,295,705,0,80,54
1000,5,80,10,10,0.02,0.93,0.3,0.97,5,1000,313,0,854,62,84,660,55
1000,5,80,10,10,0.02,0.93,0.3,0.97,5,1000,1,0,288,712,0,80,56
1000,5,80,10,10,0.02,0.93,0.3,0.97,5,1000,262,0,864,44,92,571,57
1000,5,80,10,10,0.02,0.93,0.3,0.97,5,1000,1,0,296,703,1,20,58
1000,5,80,10,10,0.02,0.93,0.3,0.97,5,1000,263,0,854,54,92,496,59
1000,5,80,10,10,0.02,0.93,0.3,0.97,5,1000,294,0,844,54,102,551,60
1000,5,80,10,10,0.02,0.93,0.3,0.97,5,1000,1,0,297,703,0,80,61
1000,5,80,10,10,0.02,0.93,0.3,0.97,5,1000,275,0,870,52,78,564,62
1000,5,80,10,10,0.02,0.93,0.3,0.97,5,1000,281,0,825,92,83,664,63
1000,5,80,10,10,0.02,0.93,0.3,0.97,5,1000,280,0,836,71,93,579,64
1000,5,80,10,10,0.02,0.93,0.3,0.97,5,1000,298,0,849,43,108,701,65
1000,5,80,10,10,0.02,0.93,0.3,0.97,5,1000,265,0,865,53,82,548,66
1000,5,80,10,10,0.02,0.93,0.3,0.97,5,1000,286,0,825,77,98,522,67
1000,5,80,10,10,0.02,0.93,0.3,0.97,5,1000,227,0,860,52,88,536,68
1000,5,80,10,10,0.02,0.93,0.3,0.97,5,1000,271,0,790,123,87,651,69
1000,5,80,10,10,0.02,0.93,0.3,0.97,5,1000,268,0,835,89,76,541,70
1000,5,80,10,10,0.02,0.93,0.3,0.97,5,1000,297,0,801,104,95,662,71
1000,5,80,10,10,0.02,0.93,0.3,0.97,5,1000,2,0,284,716,0,122,72
1000,5,80,10,10,0.02,0.93,0.3,0.97,5,1000,341,0,797,119,84,767,73
1000,5,80,10,10,0.02,0.93,0.3,0.97,5,1000,256,0,783,122,95,591,74
1000,5,80,10,10,0.02,0.93,0.3,0.97,5,1000,285,0,756,178,66,780,75
1000,5,80,10,10,0.02,0.93,0.3,0.97,5,1000,251,0,812,98,90,474,76
1000,5,80,10,10,0.02,0.93,0.3,0.97,5,1000,271,0,866,70,64,479,77
1000,5,80,10,10,0.02,0.93,0.3,0.97,5,1000,289,0,801,107,92,587,78
1000,5,80,10,10,0.02,0.93,0.3,0.97,5,1000,234,0,841,65,94,469,79
1000,5,80,10,10,0.02,0.93,0.3,0.97,5,1000,234,0,864,49,87,436,80
1000,5,80,10,10,0.02,0.93,0.3,0.97,5,1000,229,0,864,46,90,449,81
1000,5,80,10,10,0.02,0.93,0.3,0.97,5,1000,260,0,854,58,88,556,82
1000,5,80,10,10,0.02,0.93,0.3,0.97,5,1000,337,0,827,82,91,805,83
1000,5,80,10,10,0.02,0.93,0.3,0.97,5,1000,278,0,847,64,89,544,84
1000,5,80,10,10,0.02,0.93,0.3,0.97,5,1000,276,0,850,70,80,617,85
1000,5,80,10,10,0.02,0.93,0.3,0.97,5,1000,1,0,297,702,1,21,86
1000,5,80,10,10,0.02,0.93,0.3,0.97,5,1000,320,0,836,64,100,684,87
1000,5,80,10,10,0.02,0.93,0.3,0.97,5,1000,225,0,849,45,106,457,88
1000,5,80,10,10,0.02,0.93,0.3,0.97,5,1000,243,0,856,57,87,525,89
1000,5,80,10,10,0.02,0.93,0.3,0.97,5,1000,286,0,830,87,83,572,90
1000,5,80,10,10,0.02,0.93,0.3,0.97,5,1000,284,0,841,71,88,603,91
1000,5,80,10,10,0.02,0.93,0.3,0.97,5,1000,232,0,876,34,90,550,92
1000,5,80,10,10,0.02,0.93,0.3,0.97,5,1000,304,0,816,98,86,834,93
1000,5,80,10,10,0.02,0.93,0.3,0.97,5,1000,278,0,835,61,104,583,94
1000,5,80,10,10,0.02,0.93,0.3,0.97,5,1000,336,0,815,112,73,881,95
1000,5,80,10,10,0.02,0.93,0.3,0.97,5,1000,284,0,846,72,82,577,96
1000,5,80,10,10,0.02,0.93,0.3,0.97,5,1000,257,0,852,60,88,571,97
1000,5,80,10,10,0.02,0.93,0.3,0.97,5,1000,320,0,749,166,85,790,98
1000,5,80,10,10,0.02,0.93,0.3,0.97,5,1000,260,0,813,109,78,764,99
1000,5,80,10,10,0.02,0.93,0.3,0.97,5,1000,255,0,858,53,89,517,100
1000,5,80,10,10,0.02,0.93,0.4,0.97,5,1000,247,0,856,79,65,612,1
1000,5,80,10,10,0.02,0.93,0.4,0.97,5,1000,298,0,832,94,74,766,2
1000,5,80,10,10,0.02,0.93,0.4,0.97,5,1000,293,0,845,89,66,795,3
1000,5,80,10,10,0.02,0.93,0.4,0.97,5,1000,262,0,855,61,84,482,4
1000,5,80,10,10,0.02,0.93,0.4,0.97,5,1000,274,0,834,100,66,640,5
1000,5,80,10,10,0.02,0.93,0.4,0.97,5,1000,222,0,873,49,78,550,6
1000,5,80,10,10,0.02,0.93,0.4,0.97,5,1000,301,0,827,106,67,822,7
1000,5,80,10,10,0.02,0.93,0.4,0.97,5,1000,327,0,868,66,66,1034,8
1000,5,80,10,10,0.02,0.93,0.4,0.97,5,1000,278,0,845,86,69,597,9
1000,5,80,10,10,0.02,0.93,0.4,0.97,5,1000,291,0,846,83,71,583,10
1000,5,80,10,10,0.02,0.93,0.4,0.97,5,1000,258,0,853,75,72,570,11
1000,5,80,10,10,0.02,0.93,0.4,0.97,5,1000,280,0,811,127,62,791,12
1000,5,80,10,10,0.02,0.93,0.4,0.97,5,1000,251,0,863,54,83,786,13
1000,5,80,10,10,0.02,0.93,0.4,0.97,5,1000,259,0,857,55,88,597,14
1000,5,80,10,10,0.02,0.93,0.4,0.97,5,1000,265,0,870,71,59,590,15
1000,5,80,10,10,0.02,0.93,0.4,0.97,5,1000,334,0,818,105,77,809,16
1000,5,80,10,10,0.02,0.93,0.4,0.97,5,1000,301,0,833,102,65,591,17
1000,5,80,10,10,0.02,0.93,0.4,0.97,5,1000,271,0,857,54,89,792,18
1000,5,80,10,10,0.02,0.93,0.4,0.97,5,1000,268,0,840,73,87,606,19
1000,5,80,10,10,0.02,0.93,0.4,0.97,5,1000,264,0,884,57,59,881,20
1000,5,80,10,10,0.02,0.93,0.4,0.97,5,1000,289,0,789,130,81,628,21
1000,5,80,10,10,0.02,0.93,0.4,0.97,5,1000,294,0,775,150,75,995,22
1000,5,80,10,10,0.02,0.93,0.4,0.97,5,1000,283,0,839,97,64,624,23
1000,5,80,10,10,0.02,0.93,0.4,0.97,5,1000,249,0,866,52,82,489,24
1000,5,80,10,10,0.02,0.93,0.4,0.97,5,1000,281,0,863,54,83,710,25
1000,5,80,10,10,0.02,0.93,0.4,0.97,5,1000,284,0,842,98,60,874,26
1000,5,80,10,10,0.02,0.93,0.4,0.97,5,1000,296,0,786,133,81,914,27
1000,5,80,10,10,0.02,0.93,0.4,0.97,5,1000,298,0,827,100,73,674,28
1000,5,80,10,10,0.02,0.93,0.4,0.97,5,1000,263,0,818,112,70,605,29
1000,5,80,10,10,0.02,0.93,0.4,0.97,5,1000,290,0,838,91,71,558,30
1000,5,80,10,10,0.02,0.93,0.4,0.97,5,1000,262,0,855,66,79,576,31
1000,5,80,10,10,0.02,0.93,0.4,0.97,5,1000,261,0,868,57,75,577,32
1000,5,80,10,10,0.02,0.93,0.4,0.97,5,1000,256,0,868,54,78,648,33
1000,5,80,10,10,0.02,0.93,0.4,0.97,5,1000,278,0,846,83,71,611,34
1000,5,80,10,10,0.02,0.93,0.4,0.97,5,1000,282,0,824,128,48,759,35
1000,5,80,10,10,0.02,0.93,0.4,0.97,5,1000,1,0,386,614,0,80,36
1000,5,80,10,10,0.02,0.93,0.4,0.97,5,1000,284,0,838,74,88,663,37
1000,5,80,10,10,0.02,0.93,0.4,0.97,5,1000,269,0,854,80,66,633,38
1000,5,80,10,10,0.02,0.93,0.4,0.97,5,1000,302,0,865,73,62,605,39
1000,5,80,10,10,0.02,0.93,0.4,0.97,5,1000,297,0,855,74,71,770,40
1000,5,80,10,10,0.02,0.93,0.4,0.97,5,1000,361,0,852,66,82,928,41
1000,5,80,10,10,0.02,0.93,0.4,0.97,5,1000,260,0,835,95,70,614,42
1000,5,80,10,10,0.02,0.93,0.4,0.97,5,1000,249,0,831,102,67,648,43
1000,5,80,10,10,0.02,0.93,0.4,0.97,5,1000,1,0,415,585,0,80,44
1000,5,80,10,10,0.02,0.93,0.4,0.97,5,1000,1,0,415,584,1,10,45
1000,5,80,10,10,0.02,0.93,0.4,0.97,5,1000,328,0,816,105,79,737,46
1000,5,80,10,10,0.02,0.93,0.4,0.97,5,1000,298,0,841,76,83,641,47
1000,5,80,10,10,0.02,0.93,0.4,0.97,5,1000,348,0,824,99,77,1082,48
1000,5,80,10,10,0.02,0.93,0.4,0.97,5,1000,1,0,401,599,0,80,49
1000,5,80,10,10,0.02,0.93,0.4,0.97,5,1000,291,0,838,90,72,640,50
1000,5,80,10,10,0.02,0.93,0.4,0.97,5,1000,298,0,845,66,89,969,51
1000,5,80,10,10,0.02,0.93,0.4,0.97,5,1000,257,0,857,72,71,527,52
1000,5,80,10,10,0.02,0.93,0.4,0.97,5,1000,259,0,811,106,83,649,53
1000,5,80,10,10,0.02,0.93,0.4,0.97,5,1000,1,0,400,600,0,80,54
1000,5,80,10,10,0.02,0.93,0.4,0.97,5,1000,293,0,850,83,67,573,55
1000,5,80,10,10,0.02,0.93,0.4,0.97,5,1000,1,0,389,611,0,80,56
1000,5,80,10,10,0.02,0.93,0.4,0.97,5,1000,250,0,873,54,73,535,57
1000,5,80,10,10,0.02,0.93,0.4,0.97,5,1000,1,0,402,597,1,20,58
1000,5,80,10,10,0.02,0.93,0.4,0.97,5,1000,246,0,868,50,82,499,59
1000,5,80,10,10,0.02,0.93,0.4,0.97,5,1000,254,0,860,55,85,503,60
1000,5,80,10,10,0.02,0.93,0.4,0.97,5,1000,1,0,406,594,0,80,61
1000,5,80,10,10,0.02,0.93,0.4,0.97,5,1000,294,0,861,63,76,667,62
1000,5,80,10,10,0.02,0.93,0.4,0.97,5,1000,301,0,853,68,79,1099,63
1000,5,80,10,10,0.02,0.93,0.4,0.97,5,1000,274,0,849,77,74,666,64
1000,5,80,10,10,0.02,0.93,0.4,0.97,5,1000,294,0,803,110,87,569,65
1000,5,80,10,10,0.02,0.93,0.4,0.97,5,1000,1,0,408,592,0,80,66
1000,5,80,10,10,0.02,0.93,0.4,0.97,5,1000,317,0,825,96,79,855,67
1000,5,80,10,10,0.02,0.93,0.4,0.97,5,1000,297,0,850,85,65,926,68
1000,5,80,10,10,0.02,0.93,0.4,0.97,5,1000,346,0,819,108,73,1145,69
1000,5,80,10,10,0.02,0.93,0.4,0.97,5,1000,284,0,849,83,68,593,70
1000,5,80,10,10,0.02,0.93,0.4,0.97,5,1000,306,0,806,115,79,780,71
1000,5,80,10,10,0.02,0.93,0.4,0.97,5,1000,2,0,377,623,0,122,72
1000,5,80,10,10,0.02,0.93,0.4,0.97,5,1000,306,0,848,75,77,696,73
1000,5,80,10,10,0.02,0.93,0.4,0.97,5,1000,262,0,818,97,85,659,74
1000,5,80,10,10,0.02,0.93,0.4,0.97,5,1000,263,0,793,157,50,786,75
1000,5,80,10,10,0.02,0.93,0.4,0.97,5,1000,251,0,842,82,76,669,76
1000,5,80,10,10,0.02,0.93,0.4,0.97,5,1000,279,0,881,49,70,579,77
1000,5,80,10,10,0.02,0.93,0.4,0.97,5,1000,306,0,800,120,80,668,78
1000,5,80,10,10,0.02,0.93,0.4,0.97,5,1000,292,0,856,68,76,883,79
1000,5,80,10,10,0.02,0.93,0.4,0.97,5,1000,251,0,869,55,76,589,80
1000,5,80,10,10,0.02,0.93,0.4,0.97,5,1000,1,0,389,610,1,43,81
1000,5,80,10,10,0.02,0.93,0.4,0.97,5,1000,266,0,880,51,69,557,82
1000,5,80,10,10,0.02,0.93,0.4,0.97,5,1000,341,0,820,99,81,780,83
1000,5,80,10,10,0.02,0.93,0.4,0.97,5,1000,291,0,851,68,81,753,84
1000,5,80,10,10,0.02,0.93,0.4,0.97,5,1000,273,0,871,53,76,565,85
1000,5,80,10,10,0.02,0.93,0.4,0.97,5,1000,1,0,395,604,1,21,86
1000,5,80,10,10,0.02,0.93,0.4,0.97,5,1000,298,0,836,80,84,633,87
1000,5,80,10,10,0.02,0.93,0.4,0.97,5,1000,9,0,386,607,7,180,88
1000,5,80,10,10,0.02,0.93,0.4,0.97,5,1000,260,0,869,61,70,543,89
1000,5,80,10,10,0.02,0.93,0.4,0.97,5,1000,268,0,848,79,73,584,90
1000,5,80,10,10,0.02,0.93,0.4,0.97,5,1000,270,0,857,68,75,896,91
1000,5,80,10,10,0.02,0.93,0.4,0.97,5,1000,269,0,779,164,57,819,92
1000,5,80,10,10,0.02,0.93,0.4,0.97,5,1000,255,0,817,108,75,692,93
1000,5,80,10,10,0.02,0.93,0.4,0.97,5,1000,274,0,825,87,88,624,94
1000,5,80,10,10,0.02,0.93,0.4,0.97,5,1000,1,0,396,604,0,80,95
1000,5,80,10,10,0.02,0.93,0.4,0.97,5,1000,284,0,838,102,60,845,96
1000,5,80,10,10,0.02,0.93,0.4,0.97,5,1000,275,0,852,71,77,568,97
1000,5,80,10,10,0.02,0.93,0.4,0.97,5,1000,273,0,809,113,78,590,98
1000,5,80,10,10,0.02,0.93,0.4,0.97,5,1000,232,0,829,107,64,474,99
1000,5,80,10,10,0.02,0.93,0.4,0.97,5,1000,263,0,859,63,78,606,100
1000,5,80,10,10,0.02,0.93,0.5,0.97,5,1000,290,0,862,81,57,897,1
1000,5,80,10,10,0.02,0.93,0.5,0.97,5,1000,241,0,824,125,51,620,2
1000,5,80,10,10,0.02,0.93,0.5,0.97,5,1000,245,0,845,108,47,658,3
1000,5,80,10,10,0.02,0.93,0.5,0.97,5,1000,264,0,863,63,74,662,4
1000,5,80,10,10,0.02,0.93,0.5,0.97,5,1000,273,0,827,122,51,827,5
1000,5,80,10,10,0.02,0.93,0.5,0.97,5,1000,279,0,853,88,59,897,6
1000,5,80,10,10,0.02,0.93,0.5,0.97,5,1000,307,0,849,89,62,926,7
1000,5,80,10,10,0.02,0.93,0.5,0.97,5,1000,276,0,860,74,66,804,8
1000,5,80,10,10,0.02,0.93,0.5,0.97,5,1000,241,0,851,102,47,631,9
1000,5,80,10,10,0.02,0.93,0.5,0.97,5,1000,259,0,826,109,65,539,10
1000,5,80,10,10,0.02,0.93,0.5,0.97,5,1000,269,0,852,89,59,706,11
1000,5,80,10,10,0.02,0.93,0.5,0.97,5,1000,310,0,868,75,57,995,12
1000,5,80,10,10,0.02,0.93,0.5,0.97,5,1000,261,0,847,81,72,735,13
1000,5,80,10,10,0.02,0.93,0.5,0.97,5,1000,258,0,858,84,58,955,14
1000,5,80,10,10,0.02,0.93,0.5,0.97,5,1000,261,0,876,79,45,552,15
1000,5,80,10,10,0.02,0.93,0.5,0.97,5,1000,294,0,837,114,49,1198,16
1000,5,80,10,10,0.02,0.93,0.5,0.97,5,1000,325,0,872,73,55,948,17
1000,5,80,10,10,0.02,0.93,0.5,0.97,5,1000,273,0,845,83,72,889,18
1000,5,80,10,10,0.02,0.93,0.5,0.97,5,1000,263,0,857,75,68,645,19
1000,5,80,10,10,0.02,0.93,0.5,0.97,5,1000,250,0,857,95,48,746,20
1000,5,80,10,10,0.02,0.93,0.5,0.97,5,1000,270,0,810,130,60,667,21
1000,5,80,10,10,0.02,0.93,0.5,0.97,5,1000,302,0,823,112,65,823,22
1000,5,80,10,10,0.02,0.93,0.5,0.97,5,1000,259,0,879,64,57,858,23
1000,5,80,10,10,0.02,0.93,0.5,0.97,5,1000,248,0,875,63,62,522,24
1000,5,80,10,10,0.02,0.93,0.5,0.97,5,1000,293,0,877,54,69,833,25
1000,5,80,10,10,0.02,0.93,0.5,0.97,5,1000,346,0,884,59,57,1153,26
1000,5,80,10,10,0.02,0.93,0.5,0.97,5,1000,325,0,830,98,72,1071,27
1000,5,80,10,10,0.02,0.93,0.5,0.97,5,1000,320,0,842,98,60,892,28
1000,5,80,10,10,0.02,0.93,0.5,0.97,5,1000,272,0,838,106,56,619,29
1000,5,80,10,10,0.02,0.93,0.5,0.97,5,1000,255,0,834,110,56,592,30
1000,5,80,10,10,0.02,0.93,0.5,0.97,5,1000,221,0,829,104,67,687,31
1000,5,80,10,10,0.02,0.93,0.5,0.97,5,1000,301,0,833,106,61,970,32
1000,5,80,10,10,0.02,0.93,0.5,0.97,5,1000,276,0,872,60,68,624,33
1000,5,80,10,10,0.02,0.93,0.5,0.97,5,1000,290,0,857,82,61,832,34
1000,5,80,10,10,0.02,0.93,0.5,0.97,5,1000,3,0,498,502,0,108,35
1000,5,80,10,10,0.02,0.93,0.5,0.97,5,1000,1,0,475,525,0,80,36
1000,5,80,10,10,0.02,0.93,0.5,0.97,5,1000,309,0,861,69,70,879,37
1000,5,80,10,10,0.02,0.93,0.5,0.97,5,1000,264,0,857,90,53,641,38
1000,5,80,10,10,0.02,0.93,0.5,0.97,5,1000,270,0,846,95,59,610,39
1000,5,80,10,10,0.02,0.93,0.5,0.97,5,1000,265,0,853,87,60,698,40
1000,5,80,10,10,0.02,0.93,0.5,0.97,5,1000,311,0,836,97,67,693,41
1000,5,80,10,10,0.02,0.93,0.5,0.97,5,1000,241,0,823,122,55,597,42
1000,5,80,10,10,0.02,0.93,0.5,0.97,5,1000,233,0,860,75,65,593,43
1000,5,80,10,10,0.02,0.93,0.5,0.97,5,1000,1,0,504,496,0,80,44
1000,5,80,10,10,0.02,0.93,0.5,0.97,5,1000,1,0,504,495,1,10,45
1000,5,80,10,10,0.02,0.93,0.5,0.97,5,1000,267,0,813,123,64,785,46
1000,5,80,10,10,0.02,0.93,0.5,0.97,5,1000,285,0,831,109,60,729,47
1000,5,80,10,10,0.02,0.93,0.5,0.97,5,1000,285,0,822,117,61,873,48
1000,5,80,10,10,0.02,0.93,0.5,0.97,5,1000,1,0,523,477,0,80,49
1000,5,80,10,10,0.02,0.93,0.5,0.97,5,1000,249,0,848,99,53,648,50
1000,5,80,10,10,0.02,0.93,0.5,0.97,5,1000,303,0,841,86,73,811,51
1000,5,80,10,10,0.02,0.93,0.5,0.97,5,1000,260,0,865,77,58,704,52
1000,5,80,10,10,0.02,0.93,0.5,0.97,5,1000,254,0,852,73,75,639,53
1000,5,80,10,10,0.02,0.93,0.5,0.97,5,1000,1,0,501,499,0,80,54
1000,5,80,10,10,0.02,0.93,0.5,0.97,5,1000,260,0,823,121,56,840,55
1000,5,80,10,10,0.02,0.93,0.5,0.97,5,1000,1,0,489,511,0,80,56
1000,5,80,10,10,0.02,0.93,0.5,0.97,5,1000,245,0,858,81,61,654,57
1000,5,80,10,10,0.02,0.93,0.5,0.97,5,1000,1,0,507,492,1,20,58
1000,5,80,10,10,0.02,0.93,0.5,0.97,5,1000,251,0,863,76,61,706,59
1000,5,80,10,10,0.02,0.93,0.5,0.97,5,1000,249,0,854,81,65,650,60
1000,5,80,10,10,0.02,0.93,0.5,0.97,5,1000,1,0,511,489,0,80,61
1000,5,80,10,10,0.02,0.93,0.5,0.97,5,1000,255,0,862,77,61,627,62
1000,5,80,10,10,0.02,0.93,0.5,0.97,5,1000,371,0,883,54,63,1125,63
1000,5,80,10,10,0.02,0.93,0.5,0.97,5,1000,303,0,839,101,60,924,64
1000,5,80,10,10,0.02,0.93,0.5,0.97,5,1000,295,0,845,89,66,821,65
1000,5,80,10,10,0.02,0.93,0.5,0.97,5,1000,1,0,504,496,0,80,66
1000,5,80,10,10,0.02,0.93,0.5,0.97,5,1000,277,0,829,108,63,652,67
1000,5,80,10,10,0.02,0.93,0.5,0.97,5,1000,294,0,886,62,52,811,68
1000,5,80,10,10,0.02,0.93,0.5,0.97,5,1000,283,0,834,105,61,835,69
1000,5,80,10,10,0.02,0.93,0.5,0.97,5,1000,267,0,823,123,54,571,70
1000,5,80,10,10,0.02,0.93,0.5,0.97,5,1000,303,0,824,115,61,995,71
1000,5,80,10,10,0.02,0.93,0.5,0.97,5,1000,2,0,477,523,0,122,72
1000,5,80,10,10,0.02,0.93,0.5,0.97,5,1000,276,0,866,78,56,553,73
1000,5,80,10,10,0.02,0.93,0.5,0.97,5,1000,282,0,844,81,75,797,74
1000,5,80,10,10,0.02,0.93,0.5,0.97,5,1000,224,0,783,177,40,920,75
1000,5,80,10,10,0.02,0.93,0.5,0.97,5,1000,240,0,858,79,63,628,76
1000,5,80,10,10,0.02,0.93,0.5,0.97,5,1000,268,0,890,49,61,814,77
1000,5,80,10,10,0.02,0.93,0.5,0.97,5,1000,290,0,832,95,73,808,78
1000,5,80,10,10,0.02,0.93,0.5,0.97,5,1000,297,0,870,60,70,1034,79
1000,5,80,10,10,0.02,0.93,0.5,0.97,5,1000,245,0,859,84,57,621,80
1000,5,80,10,10,0.02,0.93,0.5,0.97,5,1000,1,0,496,503,1,43,81
1000,5,80,10,10,0.02,0.93,0.5,0.97,5,1000,240,0,860,90,50,582,82
1000,5,80,10,10,0.02,0.93,0.5,0.97,5,1000,305,0,829,115,56,892,83
1000,5,80,10,10,0.02,0.93,0.5,0.97,5,1000,288,0,833,104,63,830,84
1000,5,80,10,10,0.02,0.93,0.5,0.97,5,1000,262,0,844,108,48,664,85
1000,5,80,10,10,0.02,0.93,0.5,0.97,5,1000,1,0,486,513,1,21,86
1000,5,80,10,10,0.02,0.93,0.5,0.97,5,1000,309,0,852,72,76,690,87
1000,5,80,10,10,0.02,0.93,0.5,0.97,5,1000,252,0,851,77,72,769,88
1000,5,80,10,10,0.02,0.93,0.5,0.97,5,1000,259,0,873,72,55,670,89
1000,5,80,10,10,0.02,0.93,0.5,0.97,5,1000,318,0,877,63,60,1021,90
1000,5,80,10,10,0.02,0.93,0.5,0.97,5,1000,336,0,867,66,67,1086,91
1000,5,80,10,10,0.02,0.93,0.5,0.97,5,1000,1,0,526,474,0,80,92
1000,5,80,10,10,0.02,0.93,0.5,0.97,5,1000,260,0,854,77,69,570,93
1000,5,80,10,10,0.02,0.93,0.5,0.97,5,1000,281,0,866,62,72,989,94
1000,5,80,10,10,0.02,0.93,0.5,0.97,5,1000,1,0,501,499,0,80,95
1000,5,80,10,10,0.02,0.93,0.5,0.97,5,1000,298,0,868,72,60,1041,96
1000,5,80,10,10,0.02,0.93,0.5,0.97,5,1000,273,0,843,102,55,639,97
1000,5,80,10,10,0.02,0.93,0.5,0.97,5,1000,309,0,850,74,76,1039,98
1000,5,80,10,10,0.02,0.93,0.5,0.97,5,1000,241,0,832,111,57,555,99
1000,5,80,10,10,0.02,0.93,0.5,0.97,5,1000,1,0,494,505,1,64,100
1000,5,80,10,10,0.02,0.93,0.6,0.97,5,1000,240,0,867,89,44,978,1
1000,5,80,10,10,0.02,0.93,0.6,0.97,5,1000,308,0,886,64,50,1094,2
1000,5,80,10,10,0.02,0.93,0.6,0.97,5,1000,234,0,851,110,39,849,3
1000,5,80,10,10,0.02,0.93,0.6,0.97,5,1000,236,0,858,85,57,597,4
1000,5,80,10,10,0.02,0.93,0.6,0.97,5,1000,209,0,827,141,32,818,5
1000,5,80,10,10,0.02,0.93,0.6,0.97,5,1000,237,0,878,84,38,1068,6
1000,5,80,10,10,0.02,0.93,0.6,0.97,5,1000,256,0,852,94,54,1063,7
1000,5,80,10,10,0.02,0.93,0.6,0.97,5,1000,258,0,873,78,49,874,8
1000,5,80,10,10,0.02,0.93,0.6,0.97,5,1000,243,0,874,91,35,710,9
1000,5,80,10,10,0.02,0.93,0.6,0.97,5,1000,215,0,849,118,33,619,10
1000,5,80,10,10,0.02,0.93,0.6,0.97,5,1000,3,0,617,383,0,150,11
1000,5,80,10,10,0.02,0.93,0.6,0.97,5,1000,230,0,852,109,39,904,12
1000,5,80,10,10,0.02,0.93,0.6,0.97,5,1000,201,0,831,121,48,576,13
1000,5,80,10,10,0.02,0.93,0.6,0.97,5,1000,234,0,847,116,37,751,14
1000,5,80,10,10,0.02,0.93,0.6,0.97,5,1000,269,0,871,96,33,1112,15
1000,5,80,10,10,0.02,0.93,0.6,0.97,5,1000,267,0,849,110,41,995,16
1000,5,80,10,10,0.02,0.93,0.6,0.97,5,1000,248,0,860,103,37,909,17
1000,5,80,10,10,0.02,0.93,0.6,0.97,5,1000,314,0,893,44,63,1105,18
1000,5,80,10,10,0.02,0.93,0.6,0.97,5,1000,297,0,856,92,52,1488,19
1000,5,80,10,10,0.02,0.93,0.6,0.97,5,1000,291,0,892,67,41,1045,20
1000,5,80,10,10,0.02,0.93,0.6,0.97,5,1000,198,0,792,164,44,648,21
1000,5,80,10,10,0.02,0.93,0.6,0.97,5,1000,293,0,866,75,59,1112,22
1000,5,80,10,10,0.02,0.93,0.6,0.97,5,1000,243,0,856,100,44,784,23
1000,5,80,10,10,0.02,0.93,0.6,0.97,5,1000,264,0,864,97,39,774,24
1000,5,80,10,10,0.02,0.93,0.6,0.97,5,1000,296,0,892,53,55,903,25
1000,5,80,10,10,0.02,0.93,0.6,0.97,5,1000,257,0,860,93,47,1113,26
1000,5,80,10,10,0.02,0.93,0.6,0.97,5,1000,289,0,843,97,60,1233,27
1000,5,80,10,10,0.02,0.93,0.6,0.97,5,1000,273,0,860,101,39,919,28
1000,5,80,10,10,0.02,0.93,0.6,0.97,5,1000,342,0,882,65,53,1088,29
1000,5,80,10,10,0.02,0.93,0.6,0.97,5,1000,228,0,835,120,45,577,30
1000,5,80,10,10,0.02,0.93,0.6,0.97,5,1000,232,0,869,77,54,839,31
1000,5,80,10,10,0.02,0.93,0.6,0.97,5,1000,280,0,861,91,48,825,32
1000,5,80,10,10,0.02,0.93,0.6,0.97,5,1000,269,0,878,80,42,904,33
1000,5,80,10,10,0.02,0.93,0.6,0.97,5,1000,312,0,882,73,45,1236,34
1000,5,80,10,10,0.02,0.93,0.6,0.97,5,1000,3,0,608,392,0,108,35
1000,5,80,10,10,0.02,0.93,0.6,0.97,5,1000,1,0,572,428,0,80,36
1000,5,80,10,10,0.02,0.93,0.6,0.97,5,1000,220,0,842,109,49,586,37
1000,5,80,10,10,0.02,0.93,0.6,0.97,5,1000,266,0,861,97,42,1041,38
1000,5,80,10,10,0.02,0.93,0.6,0.97,5,1000,224,0,877,76,47,753,39
1000,5,80,10,10,0.02,0.93,0.6,0.97,5,1000,201,0,820,146,34,958,40
1000,5,80,10,10,0.02,0.93,0.6,0.97,5,1000,310,0,872,73,55,1075,41
1000,5,80,10,10,0.02,0.93,0.6,0.97,5,1000,1,0,596,404,0,80,42
1000,5,80,10,10,0.02,0.93,0.6,0.97,5,1000,241,0,867,80,53,823,43
1000,5,80,10,10,0.02,0.93,0.6,0.97,5,1000,1,0,611,389,0,80,44
1000,5,80,10,10,0.02,0.93,0.6,0.97,5,1000,1,0,618,381,1,10,45
1000,5,80,10,10,0.02,0.93,0.6,0.97,5,1000,259,0,863,75,62,823,46
1000,5,80,10,10,0.02,0.93,0.6,0.97,5,1000,264,0,865,89,46,882,47
1000,5,80,10,10,0.02,0.93,0.6,0.97,5,1000,286,0,879,68,53,1131,48
1000,5,80,10,10,0.02,0.93,0.6,0.97,5,1000,1,0,633,367,0,80,49
1000,5,80,10,10,0.02,0.93,0.6,0.97,5,1000,246,0,868,94,38,856,50
1000,5,80,10,10,0.02,0.93,0.6,0.97,5,1000,277,0,849,88,63,694,51
1000,5,80,10,10,0.02,0.93,0.6,0.97,5,1000,233,0,863,93,44,642,52
1000,5,80,10,10,0.02,0.93,0.6,0.97,5,1000,251,0,835,103,62,787,53
1000,5,80,10,10,0.02,0.93,0.6,0.97,5,1000,1,0,606,394,0,80,54
1000,5,80,10,10,0.02,0.93,0.6,0.97,5,1000,295,0,883,72,45,1165,55
1000,5,80,10,10,0.02,0.93,0.6,0.97,5,1000,1,0,587,413,0,80,56
1000,5,80,10,10,0.02,0.93,0.6,0.97,5,1000,5,0,623,376,1,116,57
1000,5,80,10,10,0.02,0.93,0.6,0.97,5,1000,1,0,601,398,1,20,58
1000,5,80,10,10,0.02,0.93,0.6,0.97,5,1000,280,0,882,72,46,1045,59
1000,5,80,10,10,0.02,0.93,0.6,0.97,5,1000,240,0,862,93,45,626,60
1000,5,80,10,10,0.02,0.93,0.6,0.97,5,1000,1,0,606,394,0,80,61
1000,5,80,10,10,0.02,0.93,0.6,0.97,5,1000,245,0,878,71,51,837,62
1000,5,80,10,10,0.02,0.93,0.6,0.97,5,1000,234,0,873,89,38,826,63
1000,5,80,10,10,0.02,0.93,0.6,0.97,5,1000,267,0,850,106,44,1105,64
1000,5,80,10,10,0.02,0.93,0.6,0.97,5,1000,2,0,606,393,1,81,65
1000,5,80,10,10,0.02,0.93,0.6,0.97,5,1000,1,0,604,396,0,80,66
1000,5,80,10,10,0.02,0.93,0.6,0.97,5,1000,306,0,875,68,57,1034,67
1000,5,80,10,10,0.02,0.93,0.6,0.97,5,1000,2,0,598,402,0,148,68
1000,5,80,10,10,0.02,0.93,0.6,0.97,5,1000,252,0,848,106,46,891,69
1000,5,80,10,10,0.02,0.93,0.6,0.97,5,1000,303,0,866,91,43,1189,70
1000,5,80,10,10,0.02,0.93,0.6,0.97,5,1000,269,0,857,93,50,900,71
1000,5,80,10,10,0.02,0.93,0.6,0.97,5,1000,2,0,573,427,0,122,72
1000,5,80,10,10,0.02,0.93,0.6,0.97,5,1000,220,0,860,99,41,682,73
1000,5,80,10,10,0.02,0.93,0.6,0.97,5,1000,244,0,851,104,45,840,74
1000,5,80,10,10,0.02,0.93,0.6,0.97,5,1000,271,0,877,75,48,867,75
1000,5,80,10,10,0.02,0.93,0.6,0.97,5,1000,201,0,851,100,49,578,76
1000,5,80,10,10,0.02,0.93,0.6,0.97,5,1000,208,0,870,90,40,627,77
1000,5,80,10,10,0.02,0.93,0.6,0.97,5,1000,245,0,839,105,56,845,78
1000,5,80,10,10,0.02,0.93,0.6,0.97,5,1000,5,0,590,410,0,244,79
1000,5,80,10,10,0.02,0.93,0.6,0.97,5,1000,330,0,890,56,54,1090,80
1000,5,80,10,10,0.02,0.93,0.6,0.97,5,1000,1,0,591,408,1,43,81
1000,5,80,10,10,0.02,0.93,0.6,0.97,5,1000,253,0,869,90,41,855,82
1000,5,80,10,10,0.02,0.93,0.6,0.97,5,1000,1,0,605,395,0,80,83
1000,5,80,10,10,0.02,0.93,0.6,0.97,5,1000,2,0,564,435,1,121,84
1000,5,80,10,10,0.02,0.93,0.6,0.97,5,1000,304,0,880,69,51,874,85
1000,5,80,10,10,0.02,0.93,0.6,0.97,5,1000,1,0,597,402,1,21,86
1000,5,80,10,10,0.02,0.93,0.6,0.97,5,1000,258,0,836,104,60,734,87
1000,5,80,10,10,0.02,0.93,0.6,0.97,5,1000,225,0,845,90,65,682,88
1000,5,80,10,10,0.02,0.93,0.6,0.97,5,1000,270,0,885,73,42,1070,89
1000,5,80,10,10,0.02,0.93,0.6,0.97,5,1000,327,0,889,61,50,1096,90
1000,5,80,10,10,0.02,0.93,0.6,0.97,5,1000,213,0,851,110,39,842,91
1000,5,80,10,10,0.02,0.93,0.6,0.97,5,1000,1,0,626,374,0,80,92
1000,5,80,10,10,0.02,0.93,0.6,0.97,5,1000,253,0,839,105,56,840,93
1000,5,80,10,10,0.02,0.93,0.6,0.97,5,1000,253,0,858,89,53,659,94
1000,5,80,10,10,0.02,0.93,0.6,0.97,5,1000,1,0,612,388,0,80,95
1000,5,80,10,10,0.02,0.93,0.6,0.97,5,1000,199,0,815,154,31,843,96
1000,5,80,10,10,0.02,0.93,0.6,0.97,5,1000,5,0,595,404,1,185,97
1000,5,80,10,10,0.02,0.93,0.6,0.97,5,1000,237,0,861,74,65,821,98
1000,5,80,10,10,0.02,0.93,0.6,0.97,5,1000,186,0,817,151,32,573,99
1000,5,80,10,10,0.02,0.93,0.6,0.97,5,1000,1,0,587,412,1,64,100
1000,5,80,10,10,0.02,0.93,0.7,0.97,5,1000,1,0,720,280,0,80,1
1000,5,80,10,10,0.02,0.93,0.7,0.97,5,1000,1,0,713,287,0,80,2
1000,5,80,10,10,0.02,0.93,0.7,0.97,5,1000,93,0,804,181,15,631,3
1000,5,80,10,10,0.02,0.93,0.7,0.97,5,1000,237,0,872,89,39,1130,4
1000,5,80,10,10,0.02,0.93,0.7,0.97,5,1000,59,0,762,233,5,623,5
1000,5,80,10,10,0.02,0.93,0.7,0.97,5,1000,268,0,920,48,32,1129,6
1000,5,80,10,10,0.02,0.93,0.7,0.97,5,1000,177,0,846,128,26,1235,7
1000,5,80,10,10,0.02,0.93,0.7,0.97,5,1000,215,0,879,83,38,1074,8
1000,5,80,10,10,0.02,0.93,0.7,0.97,5,1000,242,0,915,54,31,1324,9
1000,5,80,10,10,0.02,0.93,0.7,0.97,5,1000,257,0,906,57,37,1533,10
1000,5,80,10,10,0.02,0.93,0.7,0.97,5,1000,3,0,713,287,0,150,11
1000,5,80,10,10,0.02,0.93,0.7,0.97,5,1000,2,0,728,272,0,90,12
1000,5,80,10,10,0.02,0.93,0.7,0.97,5,1000,164,0,846,123,31,673,13
1000,5,80,10,10,0.02,0.93,0.7,0.97,5,1000,150,0,823,158,19,878,14
1000,5,80,10,10,0.02,0.93,0.7,0.97,5,1000,176,0,860,120,20,1268,15
1000,5,80,10,10,0.02,0.93,0.7,0.97,5,1000,223,0,883,84,33,1087,16
1000,5,80,10,10,0.02,0.93,0.7,0.97,5,1000,215,0,885,87,28,905,17
1000,5,80,10,10,0.02,0.93,0.7,0.97,5,1000,3,0,691,309,0,146,18
1000,5,80,10,10,0.02,0.93,0.7,0.97,5,1000,5,0,688,312,0,163,19
1000,5,80,10,10,0.02,0.93,0.7,0.97,5,1000,2,0,693,307,0,155,20
1000,5,80,10,10,0.02,0.93,0.7,0.97,5,1000,202,0,840,120,40,915,21
1000,5,80,10,10,0.02,0.93,0.7,0.97,5,1000,12,0,721,276,3,270,22
1000,5,80,10,10,0.02,0.93,0.7,0.97,5,1000,228,0,874,92,34,1107,23
1000,5,80,10,10,0.02,0.93,0.7,0.97,5,1000,180,0,834,144,22,851,24
1000,5,80,10,10,0.02,0.93,0.7,0.97,5,1000,2,0,688,312,0,114,25
1000,5,80,10,10,0.02,0.93,0.7,0.97,5,1000,197,0,871,94,35,1302,26
1000,5,80,10,10,0.02,0.93,0.7,0.97,5,1000,223,0,865,94,41,1118,27
1000,5,80,10,10,0.02,0.93,0.7,0.97,5,1000,259,0,898,66,36,1140,28
1000,5,80,10,10,0.02,0.93,0.7,0.97,5,1000,266,0,899,63,38,1074,29
1000,5,80,10,10,0.02,0.93,0.7,0.97,5,1000,26,0,716,278,6,432,30
1000,5,80,10,10,0.02,0.93,0.7,0.97,5,1000,202,0,866,99,35,928,31
1000,5,80,10,10,0.02,0.93,0.7,0.97,5,1000,7,0,683,317,0,178,32
1000,5,80,10,10,0.02,0.93,0.7,0.97,5,1000,215,0,887,80,33,1180,33
1000,5,80,10,10,0.02,0.93,0.7,0.97,5,1000,192,0,858,113,29,1143,34
1000,5,80,10,10,0.02,0.93,0.7,0.97,5,1000,3,0,692,308,0,108,35
1000,5,80,10,10,0.02,0.93,0.7,0.97,5,1000,1,0,679,321,0,80,36
1000,5,80,10,10,0.02,0.93,0.7,0.97,5,1000,98,0,789,196,15,553,37
1000,5,80,10,10,0.02,0.93,0.7,0.97,5,1000,112,0,791,200,9,989,38
1000,5,80,10,10,0.02,0.93,0.7,0.97,5,1000,161,0,842,136,22,797,39
1000,5,80,10,10,0.02,0.93,0.7,0.97,5,1000,59,0,761,233,6,643,40
1000,5,80,10,10,0.02,0.93,0.7,0.97,5,1000,94,0,793,196,11,556,41
1000,5,80,10,10,0.02,0.93,0.7,0.97,5,1000,1,0,692,308,0,80,42
1000,5,80,10,10,0.02,0.93,0.7,0.97,5,1000,212,0,870,93,37,908,43
1000,5,80,10,10,0.02,0.93,0.7,0.97,5,1000,1,0,702,298,0,80,44
1000,5,80,10,10,0.02,0.93,0.7,0.97,5,1000,1,0,721,278,1,10,45
1000,5,80,10,10,0.02,0.93,0.7,0.97,5,1000,184,0,840,122,38,1022,46
1000,5,80,10,10,0.02,0.93,0.7,0.97,5,1000,199,0,877,99,24,1164,47
1000,5,80,10,10,0.02,0.93,0.7,0.97,5,1000,166,0,856,116,28,896,48
1000,5,80,10,10,0.02,0.93,0.7,0.97,5,1000,1,0,716,284,0,80,49
1000,5,80,10,10,0.02,0.93,0.7,0.97,5,1000,228,0,881,88,31,1072,50
1000,5,80,10,10,0.02,0.93,0.7,0.97,5,1000,221,0,857,97,46,1058,51
1000,5,80,10,10,0.02,0.93,0.7,0.97,5,1000,148,0,833,147,20,807,52
1000,5,80,10,10,0.02,0.93,0.7,0.97,5,1000,13,0,707,292,1,366,53
1000,5,80,10,10,0.02,0.93,0.7,0.97,5,1000,1,0,700,300,0,80,54
1000,5,80,10,10,0.02,0.93,0.7,0.97,5,1000,159,0,853,122,25,1038,55
1000,5,80,10,10,0.02,0.93,0.7,0.97,5,1000,1,0,701,299,0,80,56
1000,5,80,10,10,0.02,0.93,0.7,0.97,5,1000,5,0,713,286,1,172,57
1000,5,80,10,10,0.02,0.93,0.7,0.97,5,1000,1,0,703,296,1,20,58
1000,5,80,10,10,0.02,0.93,0.7,0.97,5,1000,1,0,696,304,0,80,59
1000,5,80,10,10,0.02,0.93,0.7,0.97,5,1000,10,0,705,294,1,243,60
1000,5,80,10,10,0.02,0.93,0.7,0.97,5,1000,1,0,722,278,0,80,61
1000,5,80,10,10,0.02,0.93,0.7,0.97,5,1000,179,0,844,124,32,714,62
1000,5,80,10,10,0.02,0.93,0.7,0.97,5,1000,247,0,904,58,38,1071,63
1000,5,80,10,10,0.02,0.93,0.7,0.97,5,1000,214,0,860,104,36,1206,64
1000,5,80,10,10,0.02,0.93,0.7,0.97,5,1000,2,0,701,298,1,81,65
1000,5,80,10,10,0.02,0.93,0.7,0.97,5,1000,1,0,710,290,0,80,66
1000,5,80,10,10,0.02,0.93,0.7,0.97,5,1000,177,0,861,102,37,718,67
1000,5,80,10,10,0.02,0.93,0.7,0.97,5,1000,2,0,716,284,0,148,68
1000,5,80,10,10,0.02,0.93,0.7,0.97,5,1000,4,0,696,304,0,159,69
1000,5,80,10,10,0.02,0.93,0.7,0.97,5,1000,1,0,693,307,0,80,70
1000,5,80,10,10,0.02,0.93,0.7,0.97,5,1000,2,0,698,302,0,121,71
1000,5,80,10,10,0.02,0.93,0.7,0.97,5,1000,2,0,678,322,0,122,72
1000,5,80,10,10,0.02,0.93,0.7,0.97,5,1000,200,0,873,103,24,1120,73
1000,5,80,10,10,0.02,0.93,0.7,0.97,5,1000,246,0,891,70,39,1128,74
1000,5,80,10,10,0.02,0.93,0.7,0.97,5,1000,138,0,805,170,25,611,75
1000,5,80,10,10,0.02,0.93,0.7,0.97,5,1000,166,0,834,136,30,792,76
1000,5,80,10,10,0.02,0.93,0.7,0.97,5,1000,185,0,878,96,26,1200,77
1000,5,80,10,10,0.02,0.93,0.7,0.97,5,1000,8,0,720,278,2,170,78
1000,5,80,10,10,0.02,0.93,0.7,0.97,5,1000,5,0,695,305,0,244,79
1000,5,80,10,10,0.02,0.93,0.7,0.97,5,1000,228,0,880,83,37,1282,80
1000,5,80,10,10,0.02,0.93,0.7,0.97,5,1000,1,0,670,329,1,43,81
1000,5,80,10,10,0.02,0.93,0.7,0.97,5,1000,164,0,868,111,21,846,82
1000,5,80,10,10,0.02,0.93,0.7,0.97,5,1000,1,0,700,300,0,80,83
1000,5,80,10,10,0.02,0.93,0.7,0.97,5,1000,252,0,869,82,49,1066,84
1000,5,80,10,10,0.02,0.93,0.7,0.97,5,1000,2,0,700,300,0,144,85
1000,5,80,10,10,0.02,0.93,0.7,0.97,5,1000,1,0,705,294,1,21,86
1000,5,80,10,10,0.02,0.93,0.7,0.97,5,1000,275,0,881,69,50,1117,87
1000,5,80,10,10,0.02,0.93,0.7,0.97,5,1000,256,0,873,74,53,1105,88
1000,5,80,10,10,0.02,0.93,0.7,0.97,5,1000,174,0,853,124,23,1117,89
1000,5,80,10,10,0.02,0.93,0.7,0.97,5,1000,188,0,846,123,31,653,90
1000,5,80,10,10,0.02,0.93,0.7,0.97,5,1000,3,0,721,278,1,111,91
1000,5,80,10,10,0.02,0.93,0.7,0.97,5,1000,1,0,710,290,0,80,92
1000,5,80,10,10,0.02,0.93,0.7,0.97,5,1000,5,0,728,272,0,210,93
1000,5,80,10,10,0.02,0.93,0.7,0.97,5,1000,233,0,874,89,37,1093,94
1000,5,80,10,10,0.02,0.93,0.7,0.97,5,1000,1,0,695,305,0,80,95
1000,5,80,10,10,0.02,0.93,0.7,0.97,5,1000,2,0,720,280,0,98,96
1000,5,80,10,10,0.02,0.93,0.7,0.97,5,1000,6,0,707,292,1,195,97
1000,5,80,10,10,0.02,0.93,0.7,0.97,5,1000,57,0,728,259,13,562,98
1000,5,80,10,10,0.02,0.93,0.7,0.97,5,1000,96,0,788,200,12,910,99
1000,5,80,10,10,0.02,0.93,0.7,0.97,5,1000,1,0,674,325,1,64,100
1000,5,80,10,10,0.02,0.93,0.8,0.97,5,1000,1,0,796,204,0,80,1
1000,5,80,10,10,0.02,0.93,0.8,0.97,5,1000,1,0,811,189,0,80,2
1000,5,80,10,10,0.02,0.93,0.8,0.97,5,1000,24,0,828,169,3,485,3
1000,5,80,10,10,0.02,0.93,0.8,0.97,5,1000,8,0,805,194,1,178,4
1000,5,80,10,10,0.02,0.93,0.8,0.97,5,1000,1,0,812,188,0,80,5
1000,5,80,10,10,0.02,0.93,0.8,0.97,5,1000,15,0,813,185,2,534,6
1000,5,80,10,10,0.02,0.93,0.8,0.97,5,1000,6,0,811,188,1,154,7
1000,5,80,10,10,0.02,0.93,0.8,0.97,5,1000,5,0,800,200,0,217,8
1000,5,80,10,10,0.02,0.93,0.8,0.97,5,1000,5,0,794,205,1,185,9
1000,5,80,10,10,0.02,0.93,0.8,0.97,5,1000,1,0,815,185,0,80,10
1000,5,80,10,10,0.02,0.93,0.8,0.97,5,1000,2,0,792,208,0,150,11
1000,5,80,10,10,0.02,0.93,0.8,0.97,5,1000,2,0,820,180,0,90,12
1000,5,80,10,10,0.02,0.93,0.8,0.97,5,1000,2,0,806,194,0,95,13
1000,5,80,10,10,0.02,0.93,0.8,0.97,5,1000,1,0,793,207,0,80,14
1000,5,80,10,10,0.02,0.93,0.8,0.97,5,1000,6,0,816,184,0,190,15
1000,5,80,10,10,0.02,0.93,0.8,0.97,5,1000,58,0,854,134,12,652,16
1000,5,80,10,10,0.02,0.93,0.8,0.97,5,1000,6,0,800,199,1,182,17
1000,5,80,10,10,0.02,0.93,0.8,0.97,5,1000,4,0,783,217,0,238,18
1000,5,80,10,10,0.02,0.93,0.8,0.97,5,1000,21,0,811,188,1,320,19
1000,5,80,10,10,0.02,0.93,0.8,0.97,5,1000,1,0,793,207,0,80,20
1000,5,80,10,10,0.02,0.93,0.8,0.97,5,1000,12,0,799,201,0,296,21
1000,5,80,10,10,0.02,0.93,0.8,0.97,5,1000,2,0,826,174,0,127,22
1000,5,80,10,10,0.02,0.93,0.8,0.97,5,1000,22,0,822,176,2,745,23
1000,5,80,10,10,0.02,0.93,0.8,0.97,5,1000,6,0,791,209,0,268,24
1000,5,80,10,10,0.02,0.93,0.8,0.97,5,1000,2,0,777,223,0,114,25
1000,5,80,10,10,0.02,0.93,0.8,0.97,5,1000,2,0,808,192,0,155,26
1000,5,80,10,10,0.02,0.93,0.8,0.97,5,1000,18,0,818,180,2,377,27
1000,5,80,10,10,0.02,0.93,0.8,0.97,5,1000,43,0,835,160,5,363,28
1000,5,80,10,10,0.02,0.93,0.8,0.97,5,1000,5,0,774,225,1,168,29
1000,5,80,10,10,0.02,0.93,0.8,0.97,5,1000,18,0,810,185,5,432,30
1000,5,80,10,10,0.02,0.93,0.8,0.97,5,1000,1,0,800,200,0,80,31
1000,5,80,10,10,0.02,0.93,0.8,0.97,5,1000,6,0,792,208,0,177,32
1000,5,80,10,10,0.02,0.93,0.8,0.97,5,1000,1,0,797,203,0,80,33
1000,5,80,10,10,0.02,0.93,0.8,0.97,5,1000,1,0,800,200,0,80,34
1000,5,80,10,10,0.02,0.93,0.8,0.97,5,1000,3,0,803,197,0,108,35
1000,5,80,10,10,0.02,0.93,0.8,0.97,5,1000,1,0,779,221,0,80,36
1000,5,80,10,10,0.02,0.93,0.8,0.97,5,1000,38,0,836,159,5,617,37
1000,5,80,10,10,0.02,0.93,0.8,0.97,5,1000,139,0,883,99,18,1057,38
1000,5,80,10,10,0.02,0.93,0.8,0.97,5,1000,2,0,804,196,0,126,39
1000,5,80,10,10,0.02,0.93,0.8,0.97,5,1000,2,0,809,191,0,80,40
1000,5,80,10,10,0.02,0.93,0.8,0.97,5,1000,21,0,818,181,1,269,41
1000,5,80,10,10,0.02,0.93,0.8,0.97,5,1000,1,0,796,204,0,80,42
1000,5,80,10,10,0.02,0.93,0.8,0.97,5,1000,1,0,796,204,0,80,43
1000,5,80,10,10,0.02,0.93,0.8,0.97,5,1000,1,0,817,183,0,80,44
1000,5,80,10,10,0.02,0.93,0.8,0.97,5,1000,1,0,820,179,1,10,45
1000,5,80,10,10,0.02,0.93,0.8,0.97,5,1000,7,0,793,207,0,348,46
1000,5,80,10,10,0.02,0.93,0.8,0.97,5,1000,58,0,858,132,10,631,47
1000,5,80,10,10,0.02,0.93,0.8,0.97,5,1000,9,0,822,176,2,300,48
1000,5,80,10,10,0.02,0.93,0.8,0.97,5,1000,1,0,817,183,0,80,49
1000,5,80,10,10,0.02,0.93,0.8,0.97,5,1000,52,0,838,155,7,572,50
1000,5,80,10,10,0.02,0.93,0.8,0.97,5,1000,1,0,803,196,1,17,51
1000,5,80,10,10,0.02,0.93,0.8,0.97,5,1000,1,0,809,191,0,80,52
1000,5,80,10,10,0.02,0.93,0.8,0.97,5,1000,9,0,799,200,1,224,53
1000,5,80,10,10,0.02,0.93,0.8,0.97,5,1000,1,0,793,207,0,80,54
1000,5,80,10,10,0.02,0.93,0.8,0.97,5,1000,1,0,812,188,0,80,55
1000,5,80,10,10,0.02,0.93,0.8,0.97,5,1000,1,0,814,186,0,80,56
1000,5,80,10,10,0.02,0.93,0.8,0.97,5,1000,4,0,809,190,1,172,57
1000,5,80,10,10,0.02,0.93,0.8,0.97,5,1000,1,0,797,202,1,20,58
1000,5,80,10,10,0.02,0.93,0.8,0.97,5,1000,1,0,795,205,0,80,59
1000,5,80,10,10,0.02,0.93,0.8,0.97,5,1000,1,0,799,201,0,80,60
1000,5,80,10,10,0.02,0.93,0.8,0.97,5,1000,1,0,810,190,0,80,61
1000,5,80,10,10,0.02,0.93,0.8,0.97,5,1000,4,0,789,211,0,141,62
1000,5,80,10,10,0.02,0.93,0.8,0.97,5,1000,3,0,796,204,0,231,63
1000,5,80,10,10,0.02,0.93,0.8,0.97,5,1000,5,0,797,202,1,213,64
1000,5,80,10,10,0.02,0.93,0.8,0.97,5,1000,2,0,805,194,1,81,65
1000,5,80,10,10,0.02,0.93,0.8,0.97,5,1000,1,0,812,188,0,80,66
1000,5,80,10,10,0.02,0.93,0.8,0.97,5,1000,1,0,806,194,0,80,67
1000,5,80,10,10,0.02,0.93,0.8,0.97,5,1000,2,0,806,194,0,148,68
1000,5,80,10,10,0.02,0.93,0.8,0.97,5,1000,1,0,797,203,0,80,69
1000,5,80,10,10,0.02,0.93,0.8,0.97,5,1000,1,0,802,198,0,80,70
1000,5,80,10,10,0.02,0.93,0.8,0.97,5,1000,2,0,797,203,0,121,71
1000,5,80,10,10,0.02,0.93,0.8,0.97,5,1000,2,0,780,220,0,122,72
1000,5,80,10,10,0.02,0.93,0.8,0.97,5,1000,18,0,821,178,1,378,73
1000,5,80,10,10,0.02,0.93,0.8,0.97,5,1000,3,0,805,195,0,150,74
1000,5,80,10,10,0.02,0.93,0.8,0.97,5,1000,3,0,797,202,1,122,75
1000,5,80,10,10,0.02,0.93,0.8,0.97,5,1000,28,0,810,184,6,525,76
1000,5,80,10,10,0.02,0.93,0.8,0.97,5,1000,8,0,819,180,1,298,77
1000,5,80,10,10,0.02,0.93,0.8,0.97,5,1000,3,0,802,198,0,83,78
1000,5,80,10,10,0.02,0.93,0.8,0.97,5,1000,5,0,787,213,0,244,79
1000,5,80,10,10,0.02,0.93,0.8,0.97,5,1000,7,0,807,193,0,254,80
1000,5,80,10,10,0.02,0.93,0.8,0.97,5,1000,1,0,782,217,1,43,81
1000,5,80,10,10,0.02,0.93,0.8,0.97,5,1000,12,0,810,190,0,350,82
1000,5,80,10,10,0.02,0.93,0.8,0.97,5,1000,1,0,810,190,0,80,83
1000,5,80,10,10,0.02,0.93,0.8,0.97,5,1000,4,0,777,221,2,177,84
1000,5,80,10,10,0.02,0.93,0.8,0.97,5,1000,48,0,838,154,8,592,85
1000,5,80,10,10,0.02,0.93,0.8,0.97,5,1000,1,0,815,184,1,21,86
1000,5,80,10,10,0.02,0.93,0.8,0.97,5,1000,31,0,803,194,3,340,87
1000,5,80,10,10,0.02,0.93,0.8,0.97,5,1000,144,0,883,82,35,1297,88
1000,5,80,10,10,0.02,0.93,0.8,0.97,5,1000,1,0,819,181,0,80,89
1000,5,80,10,10,0.02,0.93,0.8,0.97,5,1000,130,0,879,102,19,882,90
1000,5,80,10,10,0.02,0.93,0.8,0.97,5,1000,3,0,810,189,1,111,91
1000,5,80,10,10,0.02,0.93,0.8,0.97,5,1000,1,0,807,193,0,80,92
1000,5,80,10,10,0.02,0.93,0.8,0.97,5,1000,131,0,897,82,21,1337,93
1000,5,80,10,10,0.02,0.93,0.8,0.97,5,1000,3,0,770,230,0,107,94
1000,5,80,10,10,0.02,0.93,0.8,0.97,5,1000,1,0,793,207,0,80,95
1000,5,80,10,10,0.02,0.93,0.8,0.97,5,1000,2,0,817,183,0,98,96
1000,5,80,10,10,0.02,0.93,0.8,0.97,5,1000,6,0,800,199,1,195,97
1000,5,80,10,10,0.02,0.93,0.8,0.97,5,1000,5,0,792,205,3,124,98
1000,5,80,10,10,0.02,0.93,0.8,0.97,5,1000,31,0,845,155,0,366,99
1000,5,80,10,10,0.02,0.93,0.8,0.97,5,1000,1,0,785,214,1,64,100
1000,5,80,10,10,0.02,0.93,0.9,0.97,5,1000,1,0,893,107,0,80,1
1000,5,80,10,10,0.02,0.93,0.9,0.97,5,1000,1,0,902,98,0,80,2
1000,5,80,10,10,0.02,0.93,0.9,0.97,5,1000,5,0,912,87,1,185,3
1000,5,80,10,10,0.02,0.93,0.9,0.97,5,1000,4,0,905,95,0,149,4
1000,5,80,10,10,0.02,0.93,0.9,0.97,5,1000,1,0,904,96,0,80,5
1000,5,80,10,10,0.02,0.93,0.9,0.97,5,1000,1,0,897,103,0,80,6
1000,5,80,10,10,0.02,0.93,0.9,0.97,5,1000,3,0,907,93,0,111,7
1000,5,80,10,10,0.02,0.93,0.9,0.97,5,1000,3,0,905,95,0,146,8
1000,5,80,10,10,0.02,0.93,0.9,0.97,5,1000,8,0,899,100,1,263,9
1000,5,80,10,10,0.02,0.93,0.9,0.97,5,1000,1,0,898,102,0,80,10
1000,5,80,10,10,0.02,0.93,0.9,0.97,5,1000,2,0,897,103,0,150,11
1000,5,80,10,10,0.02,0.93,0.9,0.97,5,1000,1,0,914,86,0,80,12
1000,5,80,10,10,0.02,0.93,0.9,0.97,5,1000,2,0,902,98,0,95,13
1000,5,80,10,10,0.02,0.93,0.9,0.97,5,1000,1,0,894,106,0,80,14
1000,5,80,10,10,0.02,0.93,0.9,0.97,5,1000,1,0,903,97,0,80,15
1000,5,80,10,10,0.02,0.93,0.9,0.97,5,1000,8,0,914,84,2,265,16
1000,5,80,10,10,0.02,0.93,0.9,0.97,5,1000,1,0,893,107,0,80,17
1000,5,80,10,10,0.02,0.93,0.9,0.97,5,1000,1,0,889,111,0,80,18
1000,5,80,10,10,0.02,0.93,0.9,0.97,5,1000,5,0,910,90,0,230,19
1000,5,80,10,10,0.02,0.93,0.9,0.97,5,1000,1,0,888,112,0,80,20
1000,5,80,10,10,0.02,0.93,0.9,0.97,5,1000,1,0,894,106,0,80,21
1000,5,80,10,10,0.02,0.93,0.9,0.97,5,1000,2,0,918,82,0,127,22
1000,5,80,10,10,0.02,0.93,0.9,0.97,5,1000,3,0,910,90,0,182,23
1000,5,80,10,10,0.02,0.93,0.9,0.97,5,1000,1,0,896,104,0,80,24
1000,5,80,10,10,0.02,0.93,0.9,0.97,5,1000,1,0,881,119,0,80,25
1000,5,80,10,10,0.02,0.93,0.9,0.97,5,1000,1,0,896,104,0,80,26
1000,5,80,10,10,0.02,0.93,0.9,0.97,5,1000,1,0,905,94,1,55,27
1000,5,80,10,10,0.02,0.93,0.9,0.97,5,1000,5,0,899,101,0,146,28
1000,5,80,10,10,0.02,0.93,0.9,0.97,5,1000,4,0,876,123,1,168,29
1000,5,80,10,10,0.02,0.93,0.9,0.97,5,1000,10,0,912,85,3,216,30
1000,5,80,10,10,0.02,0.93,0.9,0.97,5,1000,1,0,900,100,0,80,31
1000,5,80,10,10,0.02,0.93,0.9,0.97,5,1000,4,0,907,93,0,151,32
1000,5,80,10,10,0.02,0.93,0.9,0.97,5,1000,1,0,892,108,0,80,33
1000,5,80,10,10,0.02,0.93,0.9,0.97,5,1000,1,0,900,100,0,80,34
1000,5,80,10,10,0.02,0.93,0.9,0.97,5,1000,2,0,902,98,0,108,35
1000,5,80,10,10,0.02,0.93,0.9,0.97,5,1000,1,0,891,109,0,80,36
1000,5,80,10,10,0.02,0.93,0.9,0.97,5,1000,5,0,895,105,0,250,37
1000,5,80,10,10,0.02,0.93,0.9,0.97,5,1000,1,0,892,108,0,80,38
1000,5,80,10,10,0.02,0.93,0.9,0.97,5,1000,2,0,901,99,0,126,39
1000,5,80,10,10,0.02,0.93,0.9,0.97,5,1000,1,0,907,93,0,80,40
1000,5,80,10,10,0.02,0.93,0.9,0.97,5,1000,8,0,899,101,0,224,41
1000,5,80,10,10,0.02,0.93,0.9,0.97,5,1000,1,0,900,100,0,80,42
1000,5,80,10,10,0.02,0.93,0.9,0.97,5,1000,2,0,895,105,0,99,43
1000,5,80,10,10,0.02,0.93,0.9,0.97,5,1000,1,0,906,94,0,80,44
1000,5,80,10,10,0.02,0.93,0.9,0.97,5,1000,1,0,923,76,1,10,45
1000,5,80,10,10,0.02,0.93,0.9,0.97,5,1000,1,0,895,105,0,80,46
1000,5,80,10,10,0.02,0.93,0.9,0.97,5,1000,1,0,904,96,0,80,47
1000,5,80,10,10,0.02,0.93,0.9,0.97,5,1000,3,0,916,83,1,109,48
1000,5,80,10,10,0.02,0.93,0.9,0.97,5,1000,1,0,915,85,0,80,49
1000,5,80,10,10,0.02,0.93,0.9,0.97,5,1000,1,0,896,104,0,80,50
1000,5,80,10,10,0.02,0.93,0.9,0.97,5,1000,1,0,898,101,1,17,51
1000,5,80,10,10,0.02,0.93,0.9,0.97,5,1000,1,0,898,102,0,80,52
1000,5,80,10,10,0.02,0.93,0.9,0.97,5,1000,4,0,900,100,0,220,53
1000,5,80,10,10,0.02,0.93,0.9,0.97,5,1000,1,0,898,102,0,80,54
1000,5,80,10,10,0.02,0.93,0.9,0.97,5,1000,1,0,920,80,0,80,55
1000,5,80,10,10,0.02,0.93,0.9,0.97,5,1000,1,0,912,88,0,80,56
1000,5,80,10,10,0.02,0.93,0.9,0.97,5,1000,3,0,907,93,0,138,57
1000,5,80,10,10,0.02,0.93,0.9,0.97,5,1000,1,0,897,102,1,20,58
1000,5,80,10,10,0.02,0.93,0.9,0.97,5,1000,1,0,891,109,0,80,59
1000,5,80,10,10,0.02,0.93,0.9,0.97,5,1000,1,0,902,98,0,80,60
1000,5,80,10,10,0.02,0.93,0.9,0.97,5,1000,1,0,908,92,0,80,61
1000,5,80,10,10,0.02,0.93,0.9,0.97,5,1000,2,0,895,105,0,108,62
1000,5,80,10,10,0.02,0.93,0.9,0.97,5,1000,1,0,902,98,0,80,63
1000,5,80,10,10,0.02,0.93,0.9,0.97,5,1000,4,0,887,112,1,150,64
1000,5,80,10,10,0.02,0.93,0.9,0.97,5,1000,2,0,901,98,1,81,65
1000,5,80,10,10,0.02,0.93,0.9,0.97,5,1000,1,0,907,93,0,80,66
1000,5,80,10,10,0.02,0.93,0.9,0.97,5,1000,3,0,904,96,0,113,67
1000,5,80,10,10,0.02,0.93,0.9,0.97,5,1000,1,0,893,107,0,80,68
1000,5,80,10,10,0.02,0.93,0.9,0.97,5,1000,1,0,895,105,0,80,69
1000,5,80,10,10,0.02,0.93,0.9,0.97,5,1000,1,0,900,100,0,80,70
1000,5,80,10,10,0.02,0.93,0.9,0.97,5,1000,1,0,915,85,0,80,71
1000,5,80,10,10,0.02,0.93,0.9,0.97,5,1000,2,0,896,104,0,122,72
1000,5,80,10,10,0.02,0.93,0.9,0.97,5,1000,5,0,905,95,0,204,73
1000,5,80,10,10,0.02,0.93,0.9,0.97,5,1000,2,0,887,113,0,150,74
1000,5,80,10,10,0.02,0.93,0.9,0.97,5,1000,1,0,903,97,0,80,75
1000,5,80,10,10,0.02,0.93,0.9,0.97,5,1000,3,0,903,96,1,92,76
1000,5,80,10,10,0.02,0.93,0.9,0.97,5,1000,2,0,902,98,0,133,77
1000,5,80,10,10,0.02,0.93,0.9,0.97,5,1000,2,0,892,108,0,83,78
1000,5,80,10,10,0.02,0.93,0.9,0.97,5,1000,5,0,889,111,0,244,79
1000,5,80,10,10,0.02,0.93,0.9,0.97,5,1000,7,0,900,100,0,254,80
1000,5,80,10,10,0.02,0.93,0.9,0.97,5,1000,1,0,888,111,1,43,81
1000,5,80,10,10,0.02,0.93,0.9,0.97,5,1000,5,0,900,100,0,231,82
1000,5,80,10,10,0.02,0.93,0.9,0.97,5,1000,1,0,896,104,0,80,83
1000,5,80,10,10,0.02,0.93,0.9,0.97,5,1000,1,0,876,124,0,80,84
1000,5,80,10,10,0.02,0.93,0.9,0.97,5,1000,12,0,902,97,1,294,85
1000,5,80,10,10,0.02,0.93,0.9,0.97,5,1000,1,0,910,89,1,21,86
1000,5,80,10,10,0.02,0.93,0.9,0.97,5,1000,5,0,891,109,0,168,87
1000,5,80,10,10,0.02,0.93,0.9,0.97,5,1000,1,0,893,107,0,80,88
1000,5,80,10,10,0.02,0.93,0.9,0.97,5,1000,1,0,916,84,0,80,89
1000,5,80,10,10,0.02,0.93,0.9,0.97,5,1000,12,0,911,88,1,301,90
1000,5,80,10,10,0.02,0.93,0.9,0.97,5,1000,4,0,899,100,1,110,91
1000,5,80,10,10,0.02,0.93,0.9,0.97,5,1000,1,0,893,107,0,80,92
1000,5,80,10,10,0.02,0.93,0.9,0.97,5,1000,1,0,908,92,0,80,93
1000,5,80,10,10,0.02,0.93,0.9,0.97,5,1000,1,0,873,127,0,80,94
1000,5,80,10,10,0.02,0.93,0.9,0.97,5,1000,1,0,889,111,0,80,95
1000,5,80,10,10,0.02,0.93,0.9,0.97,5,1000,1,0,906,94,0,80,96
1000,5,80,10,10,0.02,0.93,0.9,0.97,5,1000,1,0,917,83,0,80,97
1000,5,80,10,10,0.02,0.93,0.9,0.97,5,1000,4,0,898,100,2,111,98
1000,5,80,10,10,0.02,0.93,0.9,0.97,5,1000,10,0,910,90,0,240,99
1000,5,80,10,10,0.02,0.93,0.9,0.97,5,1000,1,0,896,103,1,64,100
1000,5,80,10,10,0.02,0.93,0.95,0.97,5,1000,1,0,956,44,0,80,1
1000,5,80,10,10,0.02,0.93,0.95,0.97,5,1000,1,0,958,42,0,80,2
1000,5,80,10,10,0.02,0.93,0.95,0.97,5,1000,1,0,955,45,0,80,3
1000,5,80,10,10,0.02,0.93,0.95,0.97,5,1000,1,0,958,42,0,80,4
1000,5,80,10,10,0.02,0.93,0.95,0.97,5,1000,1,0,952,48,0,80,5
1000,5,80,10,10,0.02,0.93,0.95,0.97,5,1000,1,0,949,51,0,80,6
1000,5,80,10,10,0.02,0.93,0.95,0.97,5,1000,2,0,947,53,0,87,7
1000,5,80,10,10,0.02,0.93,0.95,0.97,5,1000,2,0,949,51,0,121,8
1000,5,80,10,10,0.02,0.93,0.95,0.97,5,1000,3,0,940,59,1,177,9
1000,5,80,10,10,0.02,0.93,0.95,0.97,5,1000,1,0,944,56,0,80,10
1000,5,80,10,10,0.02,0.93,0.95,0.97,5,1000,2,0,944,56,0,150,11
1000,5,80,10,10,0.02,0.93,0.95,0.97,5,1000,1,0,956,44,0,80,12
1000,5,80,10,10,0.02,0.93,0.95,0.97,5,1000,2,0,958,42,0,95,13
1000,5,80,10,10,0.02,0.93,0.95,0.97,5,1000,1,0,950,50,0,80,14
1000,5,80,10,10,0.02,0.93,0.95,0.97,5,1000,1,0,943,57,0,80,15
1000,5,80,10,10,0.02,0.93,0.95,0.97,5,1000,4,0,960,39,1,161,16
1000,5,80,10,10,0.02,0.93,0.95,0.97,5,1000,1,0,945,55,0,80,17
1000,5,80,10,10,0.02,0.93,0.95,0.97,5,1000,1,0,943,57,0,80,18
1000,5,80,10,10,0.02,0.93,0.95,0.97,5,1000,3,0,947,53,0,175,19
1000,5,80,10,10,0.02,0.93,0.95,0.97,5,1000,1,0,943,57,0,80,20
1000,5,80,10,10,0.02,0.93,0.95,0.97,5,1000,1,0,942,58,0,80,21
1000,5,80,10,10,0.02,0.93,0.95,0.97,5,1000,2,0,968,32,0,127,22
1000,5,80,10,10,0.02,0.93,0.95,0.97,5,1000,3,0,954,46,0,181,23
1000,5,80,10,10,0.02,0.93,0.95,0.97,5,1000,1,0,952,48,0,80,24
1000,5,80,10,10,0.02,0.93,0.95,0.97,5,1000,1,0,946,54,0,80,25
1000,5,80,10,10,0.02,0.93,0.95,0.97,5,1000,1,0,942,58,0,80,26
1000,5,80,10,10,0.02,0.93,0.95,0.97,5,1000,1,0,955,44,1,55,27
1000,5,80,10,10,0.02,0.93,0.95,0.97,5,1000,2,0,954,46,0,124,28
1000,5,80,10,10,0.02,0.93,0.95,0.97,5,1000,4,0,942,57,1,214,29
1000,5,80,10,10,0.02,0.93,0.95,0.97,5,1000,7,0,956,43,1,181,30
1000,5,80,10,10,0.02,0.93,0.95,0.97,5,1000,1,0,947,53,0,80,31
1000,5,80,10,10,0.02,0.93,0.95,0.97,5,1000,3,0,953,47,0,151,32
1000,5,80,10,10,0.02,0.93,0.95,0.97,5,1000,1,0,951,49,0,80,33
1000,5,80,10,10,0.02,0.93,0.95,0.97,5,1000,1,0,952,48,0,80,34
1000,5,80,10,10,0.02,0.93,0.95,0.97,5,1000,2,0,958,42,0,108,35
1000,5,80,10,10,0.02,0.93,0.95,0.97,5,1000,1,0,948,52,0,80,36
1000,5,80,10,10,0.02,0.93,0.95,0.97,5,1000,1,0,942,58,0,80,37
1000,5,80,10,10,0.02,0.93,0.95,0.97,5,1000,1,0,937,63,0,80,38
1000,5,80,10,10,0.02,0.93,0.95,0.97,5,1000,2,0,952,48,0,126,39
1000,5,80,10,10,0.02,0.93,0.95,0.97,5,1000,1,0,958,42,0,80,40
1000,5,80,10,10,0.02,0.93,0.95,0.97,5,1000,7,0,949,51,0,224,41
1000,5,80,10,10,0.02,0.93,0.95,0.97,5,1000,1,0,949,51,0,80,42
1000,5,80,10,10,0.02,0.93,0.95,0.97,5,1000,2,0,952,48,0,99,43
1000,5,80,10,10,0.02,0.93,0.95,0.97,5,1000,1,0,949,51,0,80,44
1000,5,80,10,10,0.02,0.93,0.95,0.97,5,1000,1,0,963,36,1,10,45
1000,5,80,10,10,0.02,0.93,0.95,0.97,5,1000,1,0,957,43,0,80,46
1000,5,80,10,10,0.02,0.93,0.95,0.97,5,1000,1,0,951,49,0,80,47
1000,5,80,10,10,0.02,0.93,0.95,0.97,5,1000,3,0,956,43,1,109,48
1000,5,80,10,10,0.02,0.93,0.95,0.97,5,1000,1,0,955,45,0,80,49
1000,5,80,10,10,0.02,0.93,0.95,0.97,5,1000,1,0,948,52,0,80,50
1000,5,80,10,10,0.02,0.93,0.95,0.97,5,1000,1,0,946,53,1,17,51
1000,5,80,10,10,0.02,0.93,0.95,0.97,5,1000,1,0,954,46,0,80,52
1000,5,80,10,10,0.02,0.93,0.95,0.97,5,1000,1,0,951,49,0,80,53
1000,5,80,10,10,0.02,0.93,0.95,0.97,5,1000,1,0,948,52,0,80,54
1000,5,80,10,10,0.02,0.93,0.95,0.97,5,1000,1,0,958,42,0,80,55
1000,5,80,10,10,0.02,0.93,0.95,0.97,5,1000,1,0,948,52,0,80,56
1000,5,80,10,10,0.02,0.93,0.95,0.97,5,1000,2,0,960,40,0,138,57
1000,5,80,10,10,0.02,0.93,0.95,0.97,5,1000,1,0,944,55,1,20,58
1000,5,80,10,10,0.02,0.93,0.95,0.97,5,1000,1,0,938,62,0,80,59
1000,5,80,10,10,0.02,0.93,0.95,0.97,5,1000,1,0,956,44,0,80,60
1000,5,80,10,10,0.02,0.93,0.95,0.97,5,1000,1,0,948,52,0,80,61
1000,5,80,10,10,0.02,0.93,0.95,0.97,5,1000,1,0,954,46,0,80,62
1000,5,80,10,10,0.02,0.93,0.95,0.97,5,1000,1,0,947,53,0,80,63
1000,5,80,10,10,0.02,0.93,0.95,0.97,5,1000,3,0,941,58,1,103,64
1000,5,80,10,10,0.02,0.93,0.95,0.97,5,1000,2,0,951,48,1,81,65
1000,5,80,10,10,0.02,0.93,0.95,0.97,5,1000,1,0,952,48,0,80,66
1000,5,80,10,10,0.02,0.93,0.95,0.97,5,1000,3,0,944,56,0,113,67
1000,5,80,10,10,0.02,0.93,0.95,0.97,5,1000,1,0,949,51,0,80,68
1000,5,80,10,10,0.02,0.93,0.95,0.97,5,1000,1,0,942,58,0,80,69
1000,5,80,10,10,0.02,0.93,0.95,0.97,5,1000,1,0,951,49,0,80,70
1000,5,80,10,10,0.02,0.93,0.95,0.97,5,1000,1,0,954,46,0,80,71
1000,5,80,10,10,0.02,0.93,0.95,0.97,5,1000,2,0,949,51,0,122,72
1000,5,80,10,10,0.02,0.93,0.95,0.97,5,1000,5,0,962,38,0,226,73
1000,5,80,10,10,0.02,0.93,0.95,0.97,5,1000,1,0,948,52,0,80,74
1000,5,80,10,10,0.02,0.93,0.95,0.97,5,1000,1,0,955,45,0,80,75
1000,5,80,10,10,0.02,0.93,0.95,0.97,5,1000,2,0,952,47,1,113,76
1000,5,80,10,10,0.02,0.93,0.95,0.97,5,1000,2,0,961,39,0,133,77
1000,5,80,10,10,0.02,0.93,0.95,0.97,5,1000,1,0,945,55,0,80,78
1000,5,80,10,10,0.02,0.93,0.95,0.97,5,1000,4,0,933,67,0,205,79
1000,5,80,10,10,0.02,0.93,0.95,0.97,5,1000,1,0,952,48,0,80,80
1000,5,80,10,10,0.02,0.93,0.95,0.97,5,1000,1,0,939,60,1,43,81
1000,5,80,10,10,0.02,0.93,0.95,0.97,5,1000,2,0,943,57,0,142,82
1000,5,80,10,10,0.02,0.93,0.95,0.97,5,1000,1,0,941,59,0,80,83
1000,5,80,10,10,0.02,0.93,0.95,0.97,5,1000,1,0,927,73,0,80,84
1000,5,80,10,10,0.02,0.93,0.95,0.97,5,1000,3,0,947,53,0,190,85
1000,5,80,10,10,0.02,0.93,0.95,0.97,5,1000,1,0,965,34,1,21,86
1000,5,80,10,10,0.02,0.93,0.95,0.97,5,1000,1,0,944,56,0,80,87
1000,5,80,10,10,0.02,0.93,0.95,0.97,5,1000,1,0,955,45,0,80,88
1000,5,80,10,10,0.02,0.93,0.95,0.97,5,1000,1,0,960,40,0,80,89
1000,5,80,10,10,0.02,0.93,0.95,0.97,5,1000,3,0,946,54,0,186,90
1000,5,80,10,10,0.02,0.93,0.95,0.97,5,1000,4,0,952,47,1,110,91
1000,5,80,10,10,0.02,0.93,0.95,0.97,5,1000,1,0,948,52,0,80,92
1000,5,80,10,10,0.02,0.93,0.95,0.97,5,1000,1,0,949,51,0,80,93
1000,5,80,10,10,0.02,0.93,0.95,0.97,5,1000,1,0,934,66,0,80,94
1000,5,80,10,10,0.02,0.93,0.95,0.97,5,1000,1,0,941,59,0,80,95
1000,5,80,10,10,0.02,0.93,0.95,0.97,5,1000,1,0,956,44,0,80,96
1000,5,80,10,10,0.02,0.93,0.95,0.97,5,1000,1,0,965,35,0,80,97
1000,5,80,10,10,0.02,0.93,0.95,0.97,5,1000,4,0,953,45,2,111,98
1000,5,80,10,10,0.02,0.93,0.95,0.97,5,1000,10,0,961,39,0,240,99
1000,5,80,10,10,0.02,0.93,0.95,0.97,5,1000,1,0,950,49,1,64,100
